epoch,time,train/box_loss,train/seg_loss,train/cls_loss,train/dfl_loss,metrics/precision(B),metrics/recall(B),metrics/mAP50(B),metrics/mAP50-95(B),metrics/precision(M),metrics/recall(M),metrics/mAP50(M),metrics/mAP50-95(M),val/box_loss,val/seg_loss,val/cls_loss,val/dfl_loss,lr/pg0,lr/pg1,lr/pg2
16,52.7885,0.63548,1.57288,2.10447,0.98816,0.06321,0.73684,0.36296,0.32052,0.05955,0.7193,0.3579,0.30851,0.60173,1.55292,2.8617,0.91226,0.000175785,0.000175785,0.000175785
17,58.068,0.62954,1.49743,2.09475,1.00319,0.06453,0.73684,0.35574,0.31889,0.06453,0.73684,0.35574,0.29861,0.59739,1.85044,2.81338,0.91334,0.000182223,0.000182223,0.000182223
1,5.61971,0.89221,2.38472,3.19592,1.19869,0.04499,0.63158,0.10583,0.06969,0.04499,0.63158,0.10583,0.07639,0.62114,1.4966,3.23478,1.01599,0,0,0
18,63.4842,0.70012,1.31503,2.08458,0.96911,0.06453,0.73684,0.35574,0.31889,0.06453,0.73684,0.35574,0.29861,0.59739,1.85044,2.81338,0.91334,0.000188001,0.000188001,0.000188001
2,10.9269,1.08847,2.96818,3.10502,1.40818,0.04523,0.5848,0.10837,0.07045,0.04309,0.57602,0.10612,0.07778,0.61434,1.48967,3.23028,1.01207,1.63399e-05,1.63399e-05,1.63399e-05
19,68.2439,0.6958,1.69853,1.91362,1.10173,0.06484,0.73684,0.36034,0.32192,0.06484,0.73684,0.36034,0.30326,0.60196,1.86848,2.77714,0.92425,0.000193119,0.000193119,0.000193119
3,15.9436,0.96858,2.77167,3.2889,1.25034,0.04523,0.5848,0.10682,0.0725,0.04309,0.57602,0.10437,0.07492,0.60097,1.48611,3.22288,1.00358,3.20197e-05,3.20197e-05,3.20197e-05
20,73.9193,0.67831,1.37036,1.65393,0.96651,0.06484,0.73684,0.36034,0.32192,0.06484,0.73684,0.36034,0.30326,0.60196,1.86848,2.77714,0.92425,0.000197576,0.000197576,0.000197576
4,21.682,1.13062,3.15724,3.33313,1.33708,0.0471,0.60234,0.14517,0.08787,0.0471,0.60234,0.14696,0.09856,0.58066,1.37908,3.20814,0.99137,4.70394e-05,4.70394e-05,4.70394e-05
21,78.5613,0.52699,1.19286,1.5012,0.92018,0.06308,0.72807,0.36425,0.32077,0.06308,0.72807,0.36425,0.31167,0.60638,1.9393,2.74707,0.92481,0.000201374,0.000201374,0.000201374
5,26.2988,0.94055,2.64565,3.16756,1.21459,0.048,0.60234,0.15053,0.10053,0.04596,0.59357,0.15052,0.10549,0.57108,1.33309,3.20494,0.98413,6.13989e-05,6.13989e-05,6.13989e-05
22,84.3895,0.65188,1.42425,1.67571,0.98249,0.06308,0.72807,0.36425,0.32077,0.06308,0.72807,0.36425,0.31167,0.60638,1.9393,2.74707,0.92481,0.000204511,0.000204511,0.000204511
6,31.7808,0.86518,2.60154,3.10932,1.20245,0.05264,0.61988,0.15021,0.11733,0.05471,0.62865,0.15749,0.11779,0.58658,1.28769,3.20052,0.9843,7.50984e-05,7.50984e-05,7.50984e-05
23,89.2681,0.53533,1.35334,1.57606,0.94854,0.06633,0.73684,0.35156,0.30604,0.06633,0.73684,0.36356,0.30101,0.62684,1.89135,2.73384,0.93373,0.000206988,0.000206988,0.000206988
7,36.6444,0.82642,2.07632,3.02624,1.12044,0.05789,0.6462,0.17726,0.13841,0.05789,0.6462,0.19446,0.14691,0.59488,1.29693,3.18381,0.98401,8.81376e-05,8.81376e-05,8.81376e-05
24,94.1154,0.55978,1.17839,1.45048,0.93699,0.06633,0.73684,0.35156,0.30604,0.06633,0.73684,0.36356,0.30101,0.62684,1.89135,2.73384,0.93373,0.000208805,0.000208805,0.000208805
8,41.5082,0.76373,1.82149,2.94558,1.1199,0.06471,0.68129,0.22275,0.17313,0.06668,0.69006,0.22536,0.18301,0.57598,1.26455,3.15819,0.96229,0.000100517,0.000100517,0.000100517
25,99.1627,0.6047,1.29282,1.5274,0.97779,0.06954,0.75439,0.37296,0.31316,0.07149,0.76316,0.38534,0.3103,0.65626,1.91184,2.73264,0.94937,0.000209962,0.000209962,0.000209962
9,46.3957,0.78004,1.85049,2.95222,1.04913,0.06946,0.7076,0.26939,0.2365,0.06946,0.7076,0.26864,0.24132,0.57802,1.33193,3.12962,0.95212,0.000112236,0.000112236,0.000112236
26,103.885,0.69407,1.34416,1.46869,0.96272,0.06954,0.75439,0.37296,0.31316,0.07149,0.76316,0.38534,0.3103,0.65626,1.91184,2.73264,0.94937,0.000210459,0.000210459,0.000210459
10,51.1621,0.73377,1.64753,2.54395,1.05592,0.07044,0.66959,0.30082,0.25906,0.06856,0.66082,0.29209,0.25961,0.57005,1.28982,3.09285,0.93335,0.000123295,0.000123295,0.000123295
27,108.746,0.59861,1.40712,1.50747,0.97761,0.06954,0.75439,0.40121,0.33833,0.07149,0.76316,0.41306,0.32133,0.66868,1.94573,2.71413,0.95318,0.000210295,0.000210295,0.000210295
11,56.0281,0.73183,1.88417,2.79421,1.05948,0.05828,0.70175,0.30379,0.27243,0.06025,0.71053,0.31016,0.27041,0.58884,1.36979,3.0578,0.9288,0.000133693,0.000133693,0.000133693
28,114.243,0.72138,1.26175,1.65927,0.99241,0.06954,0.75439,0.40121,0.33833,0.07149,0.76316,0.41306,0.32133,0.66868,1.94573,2.71413,0.95318,0.000209472,0.000209472,0.000209472
12,61.5277,0.71876,1.7353,2.59022,1.05378,0.05814,0.70175,0.32303,0.29722,0.0601,0.71053,0.33039,0.28742,0.62142,1.50386,3.01555,0.92571,0.000143432,0.000143432,0.000143432
29,119.549,0.61608,1.1444,1.48849,0.98615,0.29254,0.70175,0.40369,0.34357,0.29254,0.70175,0.40369,0.32607,0.69112,1.9144,2.69339,0.96117,0.000207988,0.000207988,0.000207988
13,66.4609,0.67766,1.65868,2.4286,0.95939,0.06918,0.75439,0.34492,0.31503,0.06725,0.74561,0.34567,0.29622,0.60572,1.55019,2.97332,0.91519,0.00015251,0.00015251,0.00015251
30,126.42,0.61601,1.20544,1.48967,0.95849,0.29254,0.70175,0.40369,0.34357,0.29254,0.70175,0.40369,0.32607,0.69112,1.9144,2.69339,0.96117,0.000205844,0.000205844,0.000205844
14,73.8448,0.76304,1.69061,2.60025,1.01643,0.07589,0.78947,0.36338,0.32686,0.0721,0.77193,0.36098,0.30929,0.59807,1.58084,2.93011,0.91109,0.000160929,0.000160929,0.000160929
31,131.929,0.64239,1.13271,1.56258,0.97117,0.53491,0.35965,0.47591,0.39677,0.53491,0.35965,0.47591,0.38261,0.69086,1.87623,2.65329,0.95873,0.000203041,0.000203041,0.000203041
15,78.94,0.6835,1.21761,2.05094,0.9679,0.06364,0.73684,0.35935,0.31945,0.05808,0.71053,0.34883,0.30493,0.60201,1.42916,2.89656,0.91007,0.000168687,0.000168687,0.000168687
32,137.598,0.58133,1.32038,1.45676,0.93775,0.53491,0.35965,0.47591,0.39677,0.53491,0.35965,0.47591,0.38261,0.69086,1.87623,2.65329,0.95873,0.000199577,0.000199577,0.000199577
16,84.3464,0.63548,1.57288,2.10447,0.98816,0.06321,0.73684,0.36296,0.32052,0.05955,0.7193,0.3579,0.30851,0.60173,1.55292,2.8617,0.91226,0.000175785,0.000175785,0.000175785
33,144.857,0.73183,1.26261,1.63131,0.97725,0.64171,0.23977,0.50974,0.43807,0.64171,0.23977,0.50974,0.43035,0.68327,1.83995,2.61824,0.95156,0.000195452,0.000195452,0.000195452
17,91.1518,0.62954,1.49743,2.09475,1.00319,0.06453,0.73684,0.35574,0.31889,0.06453,0.73684,0.35574,0.29861,0.59739,1.85044,2.81338,0.91334,0.000182223,0.000182223,0.000182223
18,96.1763,0.70012,1.31503,2.08458,0.96911,0.06453,0.73684,0.35574,0.31889,0.06453,0.73684,0.35574,0.29861,0.59739,1.85044,2.81338,0.91334,0.000188001,0.000188001,0.000188001
34,150.28,0.65593,1.07717,1.34187,0.98562,0.64171,0.23977,0.50974,0.43807,0.64171,0.23977,0.50974,0.43035,0.68327,1.83995,2.61824,0.95156,0.000190668,0.000190668,0.000190668
19,100.041,0.6958,1.69853,1.91362,1.10173,0.06484,0.73684,0.36034,0.32192,0.06484,0.73684,0.36034,0.30326,0.60196,1.86848,2.77714,0.92425,0.000193119,0.000193119,0.000193119
35,156.848,0.6767,1.28608,1.46049,0.93685,0.85425,0.17064,0.55954,0.49809,0.85425,0.17064,0.55954,0.47681,0.66753,1.79038,2.57038,0.94402,0.000185224,0.000185224,0.000185224
20,104.467,0.67831,1.37036,1.65393,0.96651,0.06484,0.73684,0.36034,0.32192,0.06484,0.73684,0.36034,0.30326,0.60196,1.86848,2.77714,0.92425,0.000197576,0.000197576,0.000197576
36,162.064,0.61798,1.26225,1.30758,0.90316,0.85425,0.17064,0.55954,0.49809,0.85425,0.17064,0.55954,0.47681,0.66753,1.79038,2.57038,0.94402,0.000179119,0.000179119,0.000179119
21,109.135,0.52699,1.19286,1.5012,0.92018,0.06308,0.72807,0.36425,0.32077,0.06308,0.72807,0.36425,0.31167,0.60638,1.9393,2.74707,0.92481,0.000201374,0.000201374,0.000201374
37,167.25,0.61272,1.31699,1.5557,0.99983,0.8619,0.18421,0.58451,0.5291,0.8619,0.18421,0.58568,0.50993,0.65051,1.7824,2.52491,0.93735,0.000172354,0.000172354,0.000172354
22,113.783,0.65188,1.42425,1.67571,0.98249,0.06308,0.72807,0.36425,0.32077,0.06308,0.72807,0.36425,0.31167,0.60638,1.9393,2.74707,0.92481,0.000204511,0.000204511,0.000204511
23,117.787,0.53533,1.35334,1.57606,0.94854,0.06633,0.73684,0.35156,0.30604,0.06633,0.73684,0.36356,0.30101,0.62684,1.89135,2.73384,0.93373,0.000206988,0.000206988,0.000206988
38,173.472,0.64312,1.14947,1.3366,0.95245,0.8619,0.18421,0.58451,0.5291,0.8619,0.18421,0.58568,0.50993,0.65051,1.7824,2.52491,0.93735,0.00016493,0.00016493,0.00016493
24,121.949,0.55978,1.17839,1.45048,0.93699,0.06633,0.73684,0.35156,0.30604,0.06633,0.73684,0.36356,0.30101,0.62684,1.89135,2.73384,0.93373,0.000208805,0.000208805,0.000208805
39,178.54,0.58822,0.99958,1.17602,0.95766,0.85971,0.17544,0.59208,0.53816,0.85971,0.17544,0.59208,0.53074,0.63052,1.68348,2.48962,0.9337,0.000156845,0.000156845,0.000156845
25,126.245,0.6047,1.29282,1.5274,0.97779,0.06954,0.75439,0.37296,0.31316,0.07149,0.76316,0.38534,0.3103,0.65626,1.91184,2.73264,0.94937,0.000209962,0.000209962,0.000209962
40,183.906,0.61463,1.04768,1.35986,0.98616,0.85971,0.17544,0.59208,0.53816,0.85971,0.17544,0.59208,0.53074,0.63052,1.68348,2.48962,0.9337,0.0001481,0.0001481,0.0001481
26,131.155,0.69407,1.34416,1.46869,0.96272,0.06954,0.75439,0.37296,0.31316,0.07149,0.76316,0.38534,0.3103,0.65626,1.91184,2.73264,0.94937,0.000210459,0.000210459,0.000210459
41,189.495,0.55692,1.04421,1.13494,0.88672,0.87483,0.18389,0.6199,0.55711,0.87483,0.18389,0.61326,0.54995,0.62809,1.6978,2.45458,0.93796,0.000138694,0.000138694,0.000138694
27,136.054,0.59861,1.40712,1.50747,0.97761,0.06954,0.75439,0.40121,0.33833,0.07149,0.76316,0.41306,0.32133,0.66868,1.94573,2.71413,0.95318,0.000210295,0.000210295,0.000210295
42,194.73,0.67321,1.05149,1.10777,1.00494,0.87483,0.18389,0.6199,0.55711,0.87483,0.18389,0.61326,0.54995,0.62809,1.6978,2.45458,0.93796,0.000128629,0.000128629,0.000128629
28,141.471,0.72138,1.26175,1.65927,0.99241,0.06954,0.75439,0.40121,0.33833,0.07149,0.76316,0.41306,0.32133,0.66868,1.94573,2.71413,0.95318,0.000209472,0.000209472,0.000209472
43,199.729,0.58294,1.0342,1.11284,0.92683,0.85744,0.17544,0.64285,0.59242,0.85744,0.17544,0.64285,0.56898,0.63604,1.60895,2.41975,0.94411,0.000117904,0.000117904,0.000117904
29,146.533,0.61608,1.1444,1.48849,0.98615,0.29254,0.70175,0.40369,0.34357,0.29254,0.70175,0.40369,0.32607,0.69112,1.9144,2.69339,0.96117,0.000207988,0.000207988,0.000207988
44,204.582,0.58029,1.02549,1.08278,0.97277,0.85744,0.17544,0.64285,0.59242,0.85744,0.17544,0.64285,0.56898,0.63604,1.60895,2.41975,0.94411,0.000106518,0.000106518,0.000106518
30,151.576,0.61601,1.20544,1.48967,0.95849,0.29254,0.70175,0.40369,0.34357,0.29254,0.70175,0.40369,0.32607,0.69112,1.9144,2.69339,0.96117,0.000205844,0.000205844,0.000205844
45,209.689,0.60267,1.00182,1.11374,1.00397,0.8596,0.17981,0.65071,0.60793,0.8596,0.17981,0.65071,0.57325,0.63303,1.54249,2.38525,0.94337,9.44722e-05,9.44722e-05,9.44722e-05
31,156.739,0.64239,1.13271,1.56258,0.97117,0.53491,0.35965,0.47591,0.39677,0.53491,0.35965,0.47591,0.38261,0.69086,1.87623,2.65329,0.95873,0.000203041,0.000203041,0.000203041
46,214.898,0.59434,1.12107,1.24403,1.026,0.8596,0.17981,0.65071,0.60793,0.8596,0.17981,0.65071,0.57325,0.63303,1.54249,2.38525,0.94337,8.17663e-05,8.17663e-05,8.17663e-05
32,161.702,0.58133,1.32038,1.45676,0.93775,0.53491,0.35965,0.47591,0.39677,0.53491,0.35965,0.47591,0.38261,0.69086,1.87623,2.65329,0.95873,0.000199577,0.000199577,0.000199577
47,220.045,0.53917,1.02405,1.12356,0.91859,0.85447,0.32078,0.67349,0.62933,0.85447,0.32078,0.67349,0.59382,0.63797,1.53337,2.35619,0.94689,6.84003e-05,6.84003e-05,6.84003e-05
33,166.934,0.73183,1.26261,1.63131,0.97725,0.64171,0.23977,0.50974,0.43807,0.64171,0.23977,0.50974,0.43035,0.68327,1.83995,2.61824,0.95156,0.000195452,0.000195452,0.000195452
48,225.185,0.59053,1.08545,1.09428,0.95852,0.85447,0.32078,0.67349,0.62933,0.85447,0.32078,0.67349,0.59382,0.63797,1.53337,2.35619,0.94689,5.43742e-05,5.43742e-05,5.43742e-05
34,171.787,0.65593,1.07717,1.34187,0.98562,0.64171,0.23977,0.50974,0.43807,0.64171,0.23977,0.50974,0.43035,0.68327,1.83995,2.61824,0.95156,0.000190668,0.000190668,0.000190668
49,230.284,0.49598,0.97602,1.07056,0.90007,0.85787,0.35745,0.68613,0.65489,0.85787,0.35745,0.68613,0.60651,0.64002,1.55972,2.32772,0.94862,3.96879e-05,3.96879e-05,3.96879e-05
35,176.93,0.6767,1.28608,1.46049,0.93685,0.85425,0.17064,0.55954,0.49809,0.85425,0.17064,0.55954,0.47681,0.66753,1.79038,2.57038,0.94402,0.000185224,0.000185224,0.000185224
50,235.273,0.73478,1.33331,1.15271,1.00171,0.85787,0.35745,0.68613,0.65489,0.85787,0.35745,0.68613,0.60651,0.64002,1.55972,2.32772,0.94862,2.43415e-05,2.43415e-05,2.43415e-05
36,182.013,0.61798,1.26225,1.30758,0.90316,0.85425,0.17064,0.55954,0.49809,0.85425,0.17064,0.55954,0.47681,0.66753,1.79038,2.57038,0.94402,0.000179119,0.000179119,0.000179119
37,185.395,0.61272,1.31699,1.5557,0.99983,0.8619,0.18421,0.58451,0.5291,0.8619,0.18421,0.58568,0.50993,0.65051,1.7824,2.52491,0.93735,0.000172354,0.000172354,0.000172354
38,188.98,0.64312,1.14947,1.3366,0.95245,0.8619,0.18421,0.58451,0.5291,0.8619,0.18421,0.58568,0.50993,0.65051,1.7824,2.52491,0.93735,0.00016493,0.00016493,0.00016493
39,192.122,0.58822,0.99958,1.17602,0.95766,0.85971,0.17544,0.59208,0.53816,0.85971,0.17544,0.59208,0.53074,0.63052,1.68348,2.48962,0.9337,0.000156845,0.000156845,0.000156845
40,195.311,0.61463,1.04768,1.35986,0.98616,0.85971,0.17544,0.59208,0.53816,0.85971,0.17544,0.59208,0.53074,0.63052,1.68348,2.48962,0.9337,0.0001481,0.0001481,0.0001481
41,198.351,0.55692,1.04421,1.13494,0.88672,0.87483,0.18389,0.6199,0.55711,0.87483,0.18389,0.61326,0.54995,0.62809,1.6978,2.45458,0.93796,0.000138694,0.000138694,0.000138694
42,201.364,0.67321,1.05149,1.10777,1.00494,0.87483,0.18389,0.6199,0.55711,0.87483,0.18389,0.61326,0.54995,0.62809,1.6978,2.45458,0.93796,0.000128629,0.000128629,0.000128629
43,204.291,0.58294,1.0342,1.11284,0.92683,0.85744,0.17544,0.64285,0.59242,0.85744,0.17544,0.64285,0.56898,0.63604,1.60895,2.41975,0.94411,0.000117904,0.000117904,0.000117904
44,207.114,0.58029,1.02549,1.08278,0.97277,0.85744,0.17544,0.64285,0.59242,0.85744,0.17544,0.64285,0.56898,0.63604,1.60895,2.41975,0.94411,0.000106518,0.000106518,0.000106518
45,209.954,0.60267,1.00182,1.11374,1.00397,0.8596,0.17981,0.65071,0.60793,0.8596,0.17981,0.65071,0.57325,0.63303,1.54249,2.38525,0.94337,9.44722e-05,9.44722e-05,9.44722e-05
46,212.835,0.59434,1.12107,1.24403,1.026,0.8596,0.17981,0.65071,0.60793,0.8596,0.17981,0.65071,0.57325,0.63303,1.54249,2.38525,0.94337,8.17663e-05,8.17663e-05,8.17663e-05
47,215.8,0.53917,1.02405,1.12356,0.91859,0.85447,0.32078,0.67349,0.62933,0.85447,0.32078,0.67349,0.59382,0.63797,1.53337,2.35619,0.94689,6.84003e-05,6.84003e-05,6.84003e-05
48,218.608,0.59053,1.08545,1.09428,0.95852,0.85447,0.32078,0.67349,0.62933,0.85447,0.32078,0.67349,0.59382,0.63797,1.53337,2.35619,0.94689,5.43742e-05,5.43742e-05,5.43742e-05
49,221.573,0.49598,0.97602,1.07056,0.90007,0.85787,0.35745,0.68613,0.65489,0.85787,0.35745,0.68613,0.60651,0.64002,1.55972,2.32772,0.94862,3.96879e-05,3.96879e-05,3.96879e-05
50,224.383,0.73478,1.33331,1.15271,1.00171,0.85787,0.35745,0.68613,0.65489,0.85787,0.35745,0.68613,0.60651,0.64002,1.55972,2.32772,0.94862,2.43415e-05,2.43415e-05,2.43415e-05
